"numCS","numCF","rep","gen","date","ind","CS12","CF12","CS21","CF21","numCS1b","numCS2b","numCF1b","numCF2b","numCS1a","numCS2a","numCF1a","numCF2a","fracDispCS","fracDispCF","totCS","totCF"
0,20,1,1,2017-01-10,1,0,0,0,0,0,0,0,20,0,0,0,20,NA,0,0,20
0,40,1,1,2017-01-10,2,0,-1,0,1,0,0,0,40,0,0,1,39,NA,0.025,0,40
0,80,1,1,2017-01-10,3,0,0,0,0,0,0,0,80,0,0,0,80,NA,0,0,80
20,0,1,1,2017-01-10,4,0,0,0,0,20,0,0,0,20,0,0,0,0,NA,20,0
20,20,1,1,2017-01-10,5,7,0,-7,0,21,0,0,20,14,7,0,20,0.333333333333333,0,21,20
20,40,1,1,2017-01-10,6,0,0,0,0,20,0,0,40,20,0,0,40,0,0,20,40
20,80,1,1,2017-01-10,7,4,-5,-4,5,21,0,0,80,17,4,5,75,0.19047619047619,0.0625,21,80
40,0,1,1,2017-01-10,8,7,0,-7,0,39,0,0,0,32,7,0,0,0.179487179487179,NA,39,0
40,20,1,1,2017-01-10,9,11,-1,-11,1,40,0,0,20,29,11,1,19,0.275,0.05,40,20
40,40,1,1,2017-01-10,10,5,-5,-5,5,41,0,0,41,36,5,5,36,0.121951219512195,0.121951219512195,41,41
40,80,1,1,2017-01-10,11,5,-3,-5,3,40,0,0,79,35,5,3,76,0.125,0.0379746835443038,40,79
80,0,1,1,2017-01-10,12,31,0,-31,0,83,0,0,0,52,31,0,0,0.373493975903614,NA,83,0
80,20,1,1,2017-01-10,13,10,0,-10,0,79,0,0,20,69,10,0,20,0.126582278481013,0,79,20
80,40,1,1,2017-01-10,14,7,-2,-7,2,80,0,0,39,73,7,2,37,0.0875,0.0512820512820513,80,39
80,80,1,1,2017-01-10,15,19,-2,-19,2,79,0,0,82,60,19,2,80,0.240506329113924,0.024390243902439,79,82
0,20,2,1,2017-01-10,16,0,0,0,0,0,0,0,20,0,0,0,20,NA,0,0,20
0,40,2,1,2017-01-10,17,0,0,0,0,0,0,0,40,0,0,0,40,NA,0,0,40
0,80,2,1,2017-01-10,18,0,-1,0,1,0,0,0,80,0,0,1,79,NA,0.0125,0,80
20,0,2,1,2017-01-10,19,3,0,-3,0,20,0,0,0,17,3,0,0,0.15,NA,20,0
20,20,2,1,2017-01-10,20,1,-1,-1,1,21,0,0,20,20,1,1,19,0.0476190476190476,0.05,21,20
20,40,2,1,2017-01-10,21,0,0,0,0,20,0,0,40,20,0,0,40,0,0,20,40
20,80,2,1,2017-01-10,22,1,-6,-1,6,19,0,0,80,18,1,6,74,0.0526315789473684,0.075,19,80
40,0,2,1,2017-01-10,23,6,0,-6,0,38,0,0,0,32,6,0,0,0.157894736842105,NA,38,0
40,20,2,1,2017-01-10,24,1,0,-1,0,38,0,0,20,37,1,0,20,0.0263157894736842,0,38,20
40,40,2,1,2017-01-10,25,3,-8,-3,8,41,0,0,39,38,3,8,31,0.0731707317073171,0.205128205128205,41,39
40,80,2,1,2017-01-10,26,3,-7,-3,7,40,0,0,79,37,3,7,72,0.075,0.0886075949367089,40,79
80,0,2,1,2017-01-10,27,25,0,-25,0,79,0,0,0,54,25,0,0,0.316455696202532,NA,79,0
80,20,2,1,2017-01-10,28,16,-2,-16,2,76,0,0,22,60,16,2,20,0.210526315789474,0.0909090909090909,76,22
80,40,2,1,2017-01-10,29,14,-1,-14,1,79,0,0,40,65,14,1,39,0.177215189873418,0.025,79,40
80,80,2,1,2017-01-10,30,8,0,-8,0,79,0,0,79,71,8,0,79,0.10126582278481,0,79,79
0,20,3,1,2017-01-17,31,0,-7,0,7,0,0,0,20,0,0,7,13,NA,0.35,0,20
0,40,3,1,2017-01-17,32,0,-8,0,8,0,0,0,40,0,0,8,32,NA,0.2,0,40
0,80,3,1,2017-01-17,33,0,-17,0,17,0,0,0,79,0,0,17,62,NA,0.215189873417722,0,79
20,0,3,1,2017-01-17,34,3,0,-3,0,20,0,0,0,17,3,0,0,0.15,NA,20,0
20,20,3,1,2017-01-17,35,8,-8,-8,8,20,0,0,19,12,8,8,11,0.4,0.421052631578947,20,19
20,40,3,1,2017-01-17,36,2,-14,-2,14,18,0,0,41,16,2,14,27,0.111111111111111,0.341463414634146,18,41
20,80,3,1,2017-01-17,37,5,-7,-3,8,20,0,0,80,15,3,7,72,0.277777777777778,0.10126582278481,18,79
40,0,3,1,2017-01-17,38,15,0,-15,0,39,0,0,0,24,15,0,0,0.384615384615385,NA,39,0
40,20,3,1,2017-01-17,39,8,-1,-8,1,40,0,0,22,32,8,1,21,0.2,0.0454545454545455,40,22
40,40,3,1,2017-01-17,40,8,0,-6,0,44,0,0,40,36,6,0,40,0.19047619047619,0,42,40
40,80,3,1,2017-01-17,41,5,-12,-5,12,39,0,0,80,34,5,12,68,0.128205128205128,0.15,39,80
80,0,3,1,2017-01-17,42,18,0,-18,0,77,0,0,0,59,18,0,0,0.233766233766234,NA,77,0
80,20,3,1,2017-01-17,43,15,-3,-15,3,79,0,0,20,64,15,3,17,0.189873417721519,0.15,79,20
80,40,3,1,2017-01-17,44,19,-3,-19,3,80,0,0,39,61,19,3,36,0.2375,0.0769230769230769,80,39
80,80,3,1,2017-01-17,45,18,-12,-18,12,74,0,0,77,56,18,12,65,0.243243243243243,0.155844155844156,74,77
0,20,4,1,2017-01-17,46,0,-7,0,7,0,0,0,20,0,0,7,13,NA,0.35,0,20
0,40,4,1,2017-01-17,47,0,-21,0,21,0,0,0,39,0,0,21,18,NA,0.538461538461538,0,39
0,80,4,1,2017-01-17,48,0,-19,0,19,0,0,0,80,0,0,19,61,NA,0.2375,0,80
20,0,4,1,2017-01-17,49,6,0,-6,0,20,0,0,0,14,6,0,0,0.3,NA,20,0
20,20,4,1,2017-01-17,50,7,-5,-7,5,20,0,0,20,13,7,5,15,0.35,0.25,20,20
20,40,4,1,2017-01-17,51,2,-9,-2,9,19,0,0,41,17,2,9,32,0.105263157894737,0.219512195121951,19,41
20,80,4,1,2017-01-17,52,5,-20,-5,20,20,0,0,80,15,5,20,60,0.25,0.25,20,80
40,0,4,1,2017-01-17,53,4,0,-4,0,43,0,0,0,39,4,0,0,0.0930232558139535,NA,43,0
40,20,4,1,2017-01-17,54,13,-4,-13,4,34,0,0,18,21,13,4,14,0.382352941176471,0.222222222222222,34,18
40,40,4,1,2017-01-17,55,7,-10,-7,10,45,0,0,42,38,7,10,32,0.155555555555556,0.238095238095238,45,42
40,80,4,1,2017-01-17,56,4,-3,-4,3,34,0,0,75,30,4,3,72,0.117647058823529,0.04,34,75
80,0,4,1,2017-01-17,57,29,0,-29,0,80,0,0,0,51,29,0,0,0.3625,NA,80,0
80,20,4,1,2017-01-17,58,15,0,-15,0,81,0,0,19,66,15,0,19,0.185185185185185,0,81,19
80,40,4,1,2017-01-17,59,14,-1,-14,1,79,0,0,40,65,14,1,39,0.177215189873418,0.025,79,40
80,80,4,1,2017-01-17,60,20,-3,-20,3,82,0,0,78,62,20,3,75,0.24390243902439,0.0384615384615385,82,78
0,20,5,1,2017-01-24,61,0,-1,0,1,0,0,0,19,0,0,1,18,NA,0.0526315789473684,0,19
0,40,5,1,2017-01-24,62,0,-5,0,5,0,0,0,45,0,0,5,40,NA,0.111111111111111,0,45
0,80,5,1,2017-01-24,63,0,-3,0,3,0,0,0,83,0,0,3,80,NA,0.036144578313253,0,83
20,0,5,1,2017-01-24,64,8,0,-8,0,20,0,0,0,12,8,0,0,0.4,NA,20,0
20,20,5,1,2017-01-24,65,4,-2,-4,2,20,0,0,20,16,4,2,18,0.2,0.1,20,20
20,40,5,1,2017-01-24,66,3,-8,-3,8,20,0,0,40,17,3,8,32,0.15,0.2,20,40
20,80,5,1,2017-01-24,67,3,-8,-3,8,18,0,0,81,15,3,8,73,0.166666666666667,0.0987654320987654,18,81
40,0,5,1,2017-01-24,68,19,0,-19,0,38,0,0,0,19,19,0,0,0.5,NA,38,0
40,20,5,1,2017-01-24,69,15,-3,-15,3,35,0,0,18,20,15,3,15,0.428571428571429,0.166666666666667,35,18
40,40,5,1,2017-01-24,70,8,-5,-8,5,39,0,0,39,31,8,5,34,0.205128205128205,0.128205128205128,39,39
40,80,5,1,2017-01-24,71,8,-18,-8,18,39,0,0,80,31,8,18,62,0.205128205128205,0.225,39,80
80,0,5,1,2017-01-24,72,40,0,-40,0,79,0,0,0,39,40,0,0,0.506329113924051,NA,79,0
80,20,5,1,2017-01-24,73,14,0,-14,0,81,0,0,20,67,14,0,20,0.172839506172839,0,81,20
80,40,5,1,2017-01-24,74,12,-2,-12,2,80,0,0,41,68,12,2,39,0.15,0.0487804878048781,80,41
80,80,5,1,2017-01-24,75,19,-8,-19,8,79,0,0,81,60,19,8,73,0.240506329113924,0.0987654320987654,79,81
0,20,6,1,2017-01-24,76,0,-5,0,5,0,0,0,20,0,0,5,15,NA,0.25,0,20
0,40,6,1,2017-01-24,77,0,-5,0,5,0,0,0,40,0,0,5,35,NA,0.125,0,40
0,80,6,1,2017-01-24,78,0,-3,0,3,0,0,0,79,0,0,3,76,NA,0.0379746835443038,0,79
20,0,6,1,2017-01-24,79,12,0,-12,0,20,0,0,0,8,12,0,0,0.6,NA,20,0
20,20,6,1,2017-01-24,80,11,-8,-11,8,19,0,0,20,8,11,8,12,0.578947368421053,0.4,19,20
20,40,6,1,2017-01-24,81,6,-8,-6,8,20,0,0,40,14,6,8,32,0.3,0.2,20,40
20,80,6,1,2017-01-24,82,4,-22,-4,22,19,0,0,78,15,4,22,56,0.210526315789474,0.282051282051282,19,78
40,0,6,1,2017-01-24,83,14,0,-14,0,39,0,0,0,25,14,0,0,0.358974358974359,NA,39,0
40,20,6,1,2017-01-24,84,11,-5,-11,5,40,0,0,20,29,11,5,15,0.275,0.25,40,20
40,40,6,1,2017-01-24,85,4,-7,-4,7,40,0,0,40,36,4,7,33,0.1,0.175,40,40
40,80,6,1,2017-01-24,86,9,-18,-9,18,38,0,0,80,29,9,18,62,0.236842105263158,0.225,38,80
80,0,6,1,2017-01-24,87,36,0,-36,0,79,0,0,0,43,36,0,0,0.455696202531646,NA,79,0
80,20,6,1,2017-01-24,88,26,-4,-26,4,79,0,0,20,53,26,4,16,0.329113924050633,0.2,79,20
80,40,6,1,2017-01-24,89,26,-2,-26,2,80,0,0,39,54,26,2,37,0.325,0.0512820512820513,80,39
80,80,6,1,2017-01-24,90,2,-6,-2,6,79,0,0,80,77,2,6,74,0.0253164556962025,0.075,79,80
0,20,7,1,2017-01-31,91,0,-1,0,1,0,0,0,20,0,0,1,19,NA,0.05,0,20
0,40,7,1,2017-01-31,92,0,-1,0,1,0,0,0,39,0,0,1,38,NA,0.0256410256410256,0,39
0,80,7,1,2017-01-31,93,0,0,0,0,0,0,0,80,0,0,0,80,NA,0,0,80
20,0,7,1,2017-01-31,94,12,0,-12,0,21,0,0,0,9,12,0,0,0.571428571428571,NA,21,0
20,20,7,1,2017-01-31,95,0,-1,0,1,20,0,0,21,20,0,1,20,0,0.0476190476190476,20,21
20,40,7,1,2017-01-31,96,8,-10,-8,10,20,0,0,40,12,8,10,30,0.4,0.25,20,40
20,80,7,1,2017-01-31,97,5,-15,-5,15,20,0,0,80,15,5,15,65,0.25,0.1875,20,80
40,0,7,1,2017-01-31,98,16,0,-16,0,37,0,0,0,21,16,0,0,0.432432432432432,NA,37,0
40,20,7,1,2017-01-31,99,9,-3,-9,3,41,0,0,19,32,9,3,16,0.219512195121951,0.157894736842105,41,19
40,40,7,1,2017-01-31,100,2,-3,-2,3,38,0,0,41,36,2,3,38,0.0526315789473684,0.0731707317073171,38,41
40,80,7,1,2017-01-31,101,6,-16,-6,16,40,0,0,82,34,6,16,66,0.15,0.195121951219512,40,82
80,0,7,1,2017-01-31,102,32,0,-32,0,75,0,0,0,43,32,0,0,0.426666666666667,NA,75,0
80,20,7,1,2017-01-31,103,16,-4,-16,4,81,0,0,21,65,16,4,17,0.197530864197531,0.19047619047619,81,21
80,40,7,1,2017-01-31,104,19,-7,-19,7,81,0,0,40,62,19,7,33,0.234567901234568,0.175,81,40
80,80,7,1,2017-01-31,105,15,-14,-15,14,83,0,0,80,68,15,14,66,0.180722891566265,0.175,83,80
0,20,8,1,2017-01-31,106,0,-4,0,4,0,0,0,19,0,0,4,15,NA,0.210526315789474,0,19
0,40,8,1,2017-01-31,107,0,-3,0,3,0,0,0,40,0,0,3,37,NA,0.075,0,40
0,80,8,1,2017-01-31,108,0,0,0,0,0,0,0,79,0,0,0,79,NA,0,0,79
20,0,8,1,2017-01-31,109,5,0,-5,0,26,0,0,0,21,5,0,0,0.192307692307692,NA,26,0
20,20,8,1,2017-01-31,110,6,-2,-6,2,20,0,0,20,14,6,2,18,0.3,0.1,20,20
20,40,8,1,2017-01-31,111,3,-13,-3,13,19,0,0,41,16,3,13,28,0.157894736842105,0.317073170731707,19,41
20,80,8,1,2017-01-31,112,7,-18,-7,18,20,0,0,80,13,7,18,62,0.35,0.225,20,80
40,0,8,1,2017-01-31,113,19,0,-19,0,40,0,0,0,21,19,0,0,0.475,NA,40,0
40,20,8,1,2017-01-31,114,9,-7,-9,7,40,0,0,20,31,9,7,13,0.225,0.35,40,20
40,40,8,1,2017-01-31,115,5,-11,-5,11,40,0,0,40,35,5,11,29,0.125,0.275,40,40
40,80,8,1,2017-01-31,116,15,-29,-15,29,39,0,0,79,24,15,29,50,0.384615384615385,0.367088607594937,39,79
80,0,8,1,2017-01-31,117,13,0,-13,0,83,0,0,0,70,13,0,0,0.156626506024096,NA,83,0
80,20,8,1,2017-01-31,118,30,0,-30,0,78,0,0,19,48,30,0,19,0.384615384615385,0,78,19
80,40,8,1,2017-01-31,119,16,-7,-16,7,81,0,0,40,65,16,7,33,0.197530864197531,0.175,81,40
80,80,8,1,2017-01-31,120,6,-15,-6,15,81,0,0,71,75,6,15,56,0.0740740740740741,0.211267605633803,81,71
0,20,9,1,2017-02-07,121,0,0,0,0,0,0,0,20,0,0,0,20,NA,0,0,20
0,40,9,1,2017-02-07,122,0,0,0,0,0,0,0,40,0,0,0,40,NA,0,0,40
0,80,9,1,2017-02-07,123,0,0,0,0,0,0,0,80,0,0,0,80,NA,0,0,80
20,0,9,1,2017-02-07,124,10,0,-10,0,20,0,0,0,10,10,0,0,0.5,NA,20,0
20,20,9,1,2017-02-07,125,9,-6,-9,6,20,0,0,21,11,9,6,15,0.45,0.285714285714286,20,21
20,40,9,1,2017-02-07,126,9,-14,-9,14,20,0,0,42,11,9,14,28,0.45,0.333333333333333,20,42
20,80,9,1,2017-02-07,127,3,0,-3,0,16,0,0,80,13,3,0,80,0.1875,0,16,80
40,0,9,1,2017-02-07,128,13,0,-13,0,40,0,0,0,27,13,0,0,0.325,NA,40,0
40,20,9,1,2017-02-07,129,5,-3,-5,3,37,0,0,21,32,5,3,18,0.135135135135135,0.142857142857143,37,21
40,40,9,1,2017-02-07,130,1,0,-1,0,40,0,0,40,39,1,0,40,0.025,0,40,40
40,80,9,1,2017-02-07,131,3,0,-3,0,41,0,0,80,38,3,0,80,0.0731707317073171,0,41,80
80,0,9,1,2017-02-07,132,24,0,-24,0,54,0,0,0,30,24,0,0,0.444444444444444,NA,54,0
80,20,9,1,2017-02-07,133,21,0,-21,0,87,0,0,20,66,21,0,20,0.241379310344828,0,87,20
80,40,9,1,2017-02-07,134,8,-9,-8,9,78,0,0,41,70,8,9,32,0.102564102564103,0.219512195121951,78,41
80,80,9,1,2017-02-07,135,20,-22,-20,22,80,0,0,78,60,20,22,56,0.25,0.282051282051282,80,78
0,20,10,1,2017-02-07,136,0,0,0,0,0,0,0,20,0,0,0,20,NA,0,0,20
0,40,10,1,2017-02-07,137,0,0,0,0,0,0,0,40,0,0,0,40,NA,0,0,40
0,80,10,1,2017-02-07,138,0,0,0,0,0,0,0,81,0,0,0,81,NA,0,0,81
20,0,10,1,2017-02-07,139,4,0,-4,0,21,0,0,0,17,4,0,0,0.19047619047619,NA,21,0
20,20,10,1,2017-02-07,140,18,-15,-18,15,20,0,0,19,2,18,15,4,0.9,0.789473684210526,20,19
20,40,10,1,2017-02-07,141,0,0,0,0,20,0,0,40,20,0,0,40,0,0,20,40
20,80,10,1,2017-02-07,142,6,-1,-6,1,20,0,0,80,14,6,1,79,0.3,0.0125,20,80
40,0,10,1,2017-02-07,143,3,0,-3,0,40,0,0,0,37,3,0,0,0.075,NA,40,0
40,20,10,1,2017-02-07,144,7,0,-7,0,40,0,0,20,33,7,0,20,0.175,0,40,20
40,40,10,1,2017-02-07,145,6,0,-6,0,39,0,0,39,33,6,0,39,0.153846153846154,0,39,39
40,80,10,1,2017-02-07,146,11,-2,-11,2,39,0,0,80,28,11,2,78,0.282051282051282,0.025,39,80
80,0,10,1,2017-02-07,147,30,0,-30,0,80,0,0,0,50,30,0,0,0.375,NA,80,0
80,20,10,1,2017-02-07,148,14,-4,-14,4,80,0,0,17,66,14,4,13,0.175,0.235294117647059,80,17
80,40,10,1,2017-02-07,149,10,0,-10,0,71,0,0,46,61,10,0,46,0.140845070422535,0,71,46
80,80,10,1,2017-02-07,150,28,-16,-28,18,84,0,0,76,56,28,16,58,0.333333333333333,0.243243243243243,84,74
0,20,1,2,2017-02-13,1,0,-10,0,10,0,0,2,42,0,0,12,32,NA,0.227272727272727,0,44
0,40,1,2,2017-02-13,2,0,-4,0,3,0,0,0,47,0,0,4,44,NA,0.0625,0,48
0,80,1,2,2017-02-13,3,0,0,0,0,0,0,0,73,0,0,0,73,NA,0,0,73
20,0,1,2,2017-02-13,4,21,0,-20,0,70,0,0,0,49,20,0,0,0.304347826086957,NA,69,0
20,20,1,2,2017-02-13,5,18,-4,-14,4,93,18,0,45,75,32,4,41,0.168224299065421,0.0888888888888889,107,45
20,40,1,2,2017-02-13,6,49,-21,-46,20,87,0,0,72,38,46,21,52,0.583333333333333,0.273972602739726,84,73
20,80,1,2,2017-02-13,7,24,-28,-18,29,59,0,9,108,35,18,37,79,0.452830188679245,0.25,53,116
40,0,1,2,2017-02-13,8,48,-1,-41,1,137,16,0,1,89,57,1,0,0.328767123287671,1,146,1
40,20,1,2,2017-02-13,9,7,0,-7,1,108,27,0,40,101,34,0,39,0.0518518518518519,0.0256410256410256,135,39
40,40,1,2,2017-02-13,10,12,1,-13,1,117,12,12,104,105,25,11,103,0.0923076923076923,0.0087719298245614,130,114
40,80,1,2,2017-02-13,11,2,-6,1,16,125,25,4,232,123,24,10,216,0.0136054421768707,0.0707964601769911,147,226
80,0,1,2,2017-02-13,12,-79,0,-53,0,48,56,0,0,127,109,0,0,-0.334745762711864,NA,236,0
80,20,1,2,2017-02-13,13,52,0,-52,0,185,22,8,36,133,74,8,36,0.251207729468599,0,207,44
80,40,1,2,2017-02-13,14,41,-2,-41,7,202,17,16,72,161,58,18,65,0.187214611872146,0.0843373493975904,219,83
80,80,1,2,2017-02-13,15,0,-27,2,27,127,56,11,141,127,54,38,114,0,0.177631578947368,181,152
0,20,2,2,2017-02-13,16,0,-10,0,10,0,0,1,49,0,0,11,39,NA,0.2,0,50
0,40,2,2,2017-02-13,17,0,0,0,0,0,0,0,63,0,0,0,63,NA,0,0,63
0,80,2,2,2017-02-13,18,0,-4,0,6,0,0,1,40,0,0,5,34,NA,0.153846153846154,0,39
20,0,2,2,2017-02-13,19,33,0,-32,0,80,6,0,0,47,38,0,0,0.388235294117647,NA,85,0
20,20,2,2,2017-02-13,20,13,-4,-12,5,38,0,3,52,25,12,7,47,0.351351351351351,0.0925925925925926,37,54
20,40,2,2,2017-02-13,21,30,-26,-27,19,85,0,0,86,55,27,26,67,0.365853658536585,0.204301075268817,82,93
20,80,2,2,2017-02-13,22,11,-64,-9,62,83,7,10,180,72,16,74,118,0.125,0.322916666666667,88,192
40,0,2,2,2017-02-13,23,33,0,-33,0,98,21,0,0,65,54,0,0,0.277310924369748,NA,119,0
40,20,2,2,2017-02-13,24,14,0,-13,-8,110,13,0,75,96,26,0,83,0.114754098360656,-0.0963855421686747,122,83
40,40,2,2,2017-02-13,25,38,-2,-32,1,123,22,14,81,85,54,16,80,0.273381294964029,0.0104166666666667,139,96
40,80,2,2,2017-02-13,26,29,0,-26,8,144,0,7,238,115,26,7,230,0.205673758865248,0.0337552742616034,141,237
80,0,2,2,2017-02-13,27,52,0,-51,0,191,54,0,0,139,105,0,0,0.213114754098361,NA,244,0
80,20,2,2,2017-02-13,28,9,-2,-9,2,157,35,4,78,148,44,6,76,0.046875,0.024390243902439,192,82
80,40,2,2,2017-02-13,29,47,-2,-53,2,153,33,3,46,106,86,5,44,0.244791666666667,0.0408163265306122,192,49
80,80,2,2,2017-02-13,30,20,-23,-15,34,143,14,0,204,123,29,23,170,0.131578947368421,0.176165803108808,152,193
0,20,3,2,2017-02-20,31,0,-24,0,30,0,0,7,65,0,0,31,35,NA,0.454545454545455,0,66
0,40,3,2,2017-02-20,32,0,-42,0,39,0,0,46,163,0,0,88,124,NA,0.183962264150943,0,212
0,80,3,2,2017-02-20,33,0,3,0,7,0,0,23,187,0,0,20,180,NA,0.035,0,200
20,0,3,2,2017-02-20,34,11,0,-12,0,67,24,0,0,56,36,0,0,0.119565217391304,NA,92,0
20,20,3,2,2017-02-20,35,26,11,-23,-10,56,3,48,28,30,26,37,38,0.464285714285714,-0.133333333333333,56,75
20,40,3,2,2017-02-20,36,16,-9,-13,-71,57,0,42,31,41,13,51,102,0.296296296296296,-0.464052287581699,54,153
20,80,3,2,2017-02-20,37,-77,-9,-3,86,0,2,42,238,77,5,51,152,-0.939024390243902,0.423645320197044,82,203
40,0,3,2,2017-02-20,38,14,0,-24,0,104,40,0,0,90,64,0,0,0.0909090909090909,NA,154,0
40,20,3,2,2017-02-20,39,26,-19,-16,19,130,20,0,70,104,36,19,51,0.185714285714286,0.271428571428571,140,70
40,40,3,2,2017-02-20,40,30,-58,-26,47,133,0,2,139,103,26,60,92,0.232558139534884,0.309210526315789,129,152
40,80,3,2,2017-02-20,41,30,3,-26,7,116,0,15,232,86,26,12,225,0.267857142857143,0.029535864978903,112,237
80,0,3,2,2017-02-20,42,2,0,1,0,43,49,0,0,41,48,0,0,0.0224719101123595,NA,89,0
80,20,3,2,2017-02-20,43,77,-5,-25,7,120,17,0,57,43,42,5,50,0.905882352941176,0.127272727272727,85,55
80,40,3,2,2017-02-20,44,123,-14,-27,72,193,21,3,172,70,48,17,100,1.04237288135593,0.615384615384615,118,117
80,80,3,2,2017-02-20,45,24,-33,-9,41,150,55,38,182,126,64,71,141,0.126315789473684,0.193396226415094,190,212
0,20,4,2,2017-02-20,46,0,1,0,2,0,0,24,78,0,0,23,76,NA,0.0202020202020202,0,99
0,40,4,2,2017-02-20,47,-1,-24,0,16,0,0,52,76,1,0,76,60,-1,0.117647058823529,1,136
0,80,4,2,2017-02-20,48,0,-27,0,33,0,0,64,181,0,0,91,148,NA,0.138075313807531,0,239
20,0,4,2,2017-02-20,49,7,0,-17,0,54,37,0,0,47,54,0,0,0.0693069306930693,NA,101,0
20,20,4,2,2017-02-20,50,5,-2,-5,3,24,0,12,36,19,5,14,33,0.208333333333333,0.0638297872340425,24,47
20,40,4,2,2017-02-20,51,-5,-29,-45,20,42,7,14,141,47,52,43,121,-0.0505050505050505,0.121951219512195,99,164
20,80,4,2,2017-02-20,52,-37,-23,-59,145,71,11,47,262,108,70,70,117,-0.207865168539326,0.775401069518717,178,187
40,0,4,2,2017-02-20,53,40,0,-37,0,79,5,0,0,39,42,0,0,0.493827160493827,NA,81,0
40,20,4,2,2017-02-20,54,11,1,-10,-8,81,10,7,81,70,20,6,89,0.122222222222222,-0.0842105263157895,90,95
40,40,4,2,2017-02-20,55,2,-12,-7,29,77,22,25,125,75,29,37,96,0.0192307692307692,0.218045112781955,104,133
40,80,4,2,2017-02-20,56,20,-65,-13,42,43,13,1,234,23,26,66,192,0.408163265306122,0.162790697674419,49,258
80,0,4,2,2017-02-20,57,25,0,-4,0,185,118,0,0,160,122,0,0,0.0886524822695035,NA,282,0
80,20,4,2,2017-02-20,58,171,-5,-20,28,199,75,1,73,28,95,6,45,1.39024390243902,0.549019607843137,123,51
80,40,4,2,2017-02-20,59,99,-33,-38,-15,194,34,0,108,95,72,33,123,0.592814371257485,-0.0961538461538462,167,156
80,80,4,2,2017-02-20,60,41,-33,-21,35,142,41,4,148,101,62,37,113,0.251533742331288,0.233333333333333,163,150
0,20,5,2,2017-02-27,61,0,0,0,6,0,0,9,74,0,0,9,68,NA,0.0779220779220779,0,77
0,40,5,2,2017-02-27,62,0,-12,0,10,0,0,32,100,0,0,44,90,NA,0.0746268656716418,0,134
0,80,5,2,2017-02-27,63,0,6,0,11,0,0,25,220,0,0,19,209,NA,0.0482456140350877,0,228
20,0,5,2,2017-02-27,64,7,0,-7,0,52,11,0,0,45,18,0,0,0.111111111111111,NA,63,0
20,20,5,2,2017-02-27,65,18,-3,-21,9,87,13,7,80,69,34,10,71,0.174757281553398,0.111111111111111,103,81
20,40,5,2,2017-02-27,66,11,-6,-6,9,64,24,23,132,53,30,29,123,0.132530120481928,0.0592105263157895,83,152
20,80,5,2,2017-02-27,67,12,10,-11,11,80,12,10,231,68,23,0,220,0.131868131868132,0.05,91,220
40,0,5,2,2017-02-27,68,11,0,-3,0,54,48,0,0,43,51,0,0,0.117021276595745,NA,94,0
40,20,5,2,2017-02-27,69,4,0,0,1,99,50,5,77,95,50,5,76,0.0275862068965517,0.0123456790123457,145,81
40,40,5,2,2017-02-27,70,30,-7,-25,3,137,25,1,90,107,50,8,87,0.191082802547771,0.0315789473684211,157,95
40,80,5,2,2017-02-27,71,16,-1,-13,5,105,30,23,175,89,43,24,170,0.121212121212121,0.0257731958762887,132,194
80,0,5,2,2017-02-27,72,62,0,-33,0,145,40,0,0,83,73,0,0,0.397435897435897,NA,156,0
80,20,5,2,2017-02-27,73,16,-1,-17,1,143,32,1,33,127,49,2,32,0.0909090909090909,0.0294117647058824,176,34
80,40,5,2,2017-02-27,74,28,0,-34,0,176,25,5,70,148,59,5,70,0.135265700483092,0,207,75
80,80,5,2,2017-02-27,75,48,-25,-33,10,159,8,5,168,111,41,30,158,0.315789473684211,0.0531914893617021,152,188
0,20,6,2,2017-02-27,76,0,0,0,-1,0,0,30,62,0,0,30,63,NA,-0.010752688172043,0,93
0,40,6,2,2017-02-27,77,0,1,0,6,0,0,15,149,0,0,14,143,NA,0.0382165605095541,0,157
0,80,6,2,2017-02-27,78,0,0,0,18,0,0,11,244,0,0,11,226,NA,0.0759493670886076,0,237
20,0,6,2,2017-02-27,79,2,0,-2,0,43,31,0,0,41,33,0,0,0.027027027027027,NA,74,0
20,20,6,2,2017-02-27,80,0,0,-4,2,68,33,14,68,68,37,14,66,0,0.025,105,80
20,40,6,2,2017-02-27,81,16,-11,-21,7,81,3,19,128,65,24,30,121,0.179775280898876,0.0463576158940397,89,151
20,80,6,2,2017-02-27,82,10,0,-5,21,80,15,44,218,70,20,44,197,0.111111111111111,0.0871369294605809,90,241
40,0,6,2,2017-02-27,83,15,0,-10,0,95,68,0,0,80,78,0,0,0.0949367088607595,NA,158,0
40,20,6,2,2017-02-27,84,30,0,-24,2,100,26,11,72,70,50,11,70,0.25,0.0246913580246914,120,81
40,40,6,2,2017-02-27,85,26,-3,-19,11,115,14,3,113,89,33,6,102,0.213114754098361,0.101851851851852,122,108
40,80,6,2,2017-02-27,86,13,8,-13,-1,115,21,61,176,102,34,53,177,0.0955882352941176,-0.00434782608695652,136,230
80,0,6,2,2017-02-27,87,35,0,-18,0,145,81,0,0,110,99,0,0,0.167464114832536,NA,209,0
80,20,6,2,2017-02-27,88,17,4,-19,-4,114,51,9,24,97,70,5,28,0.101796407185629,-0.121212121212121,167,33
80,40,6,2,2017-02-27,89,76,-4,-27,5,173,44,0,82,97,71,4,77,0.452380952380952,0.0617283950617284,168,81
80,80,6,2,2017-02-27,90,34,-43,-35,44,148,9,21,180,114,44,64,136,0.215189873417722,0.22,158,200
0,20,7,2,2017-03-06,91,0,-8,0,6,0,0,0,59,0,0,8,53,NA,0.0983606557377049,0,61
0,40,7,2,2017-03-06,92,0,-16,0,17,0,0,3,120,0,0,19,103,NA,0.139344262295082,0,122
0,80,7,2,2017-03-06,93,0,0,0,17,0,0,2,271,0,0,2,254,NA,0.06640625,0,256
20,0,7,2,2017-03-06,94,7,0,-17,0,75,28,0,0,68,45,0,0,0.0619469026548673,NA,113,0
20,20,7,2,2017-03-06,95,9,6,-8,11,89,0,13,134,80,8,7,123,0.102272727272727,0.0846153846153846,88,130
20,40,7,2,2017-03-06,96,8,-11,-11,3,79,17,61,126,71,28,72,123,0.0808080808080808,0.0153846153846154,99,195
20,80,7,2,2017-03-06,97,1,-33,-1,26,37,5,76,252,36,6,109,226,0.0238095238095238,0.0776119402985075,42,335
40,0,7,2,2017-03-06,98,23,0,-23,0,83,32,0,0,60,55,0,0,0.2,NA,115,0
40,20,7,2,2017-03-06,99,32,-8,-17,7,120,17,1,112,88,34,9,105,0.262295081967213,0.0614035087719298,122,114
40,40,7,2,2017-03-06,100,36,-28,-36,21,130,1,2,174,94,37,30,153,0.274809160305344,0.114754098360656,131,183
40,80,7,2,2017-03-06,101,22,6,-25,30,118,5,41,266,96,30,35,236,0.174603174603175,0.11070110701107,126,271
80,0,7,2,2017-03-06,102,18,0,-19,0,166,118,0,0,148,137,0,0,0.0631578947368421,NA,285,0
80,20,7,2,2017-03-06,103,16,-1,-14,9,142,47,4,96,126,61,5,87,0.0855614973262032,0.0978260869565217,187,92
80,40,7,2,2017-03-06,104,6,0,-2,1,205,72,2,101,199,74,2,100,0.021978021978022,0.00980392156862745,273,102
80,80,7,2,2017-03-06,105,18,-9,-17,24,167,36,17,244,149,53,26,220,0.0891089108910891,0.0975609756097561,202,246
0,20,8,2,2017-03-06,106,0,-9,0,9,0,0,18,64,0,0,27,55,NA,0.109756097560976,0,82
0,40,8,2,2017-03-06,107,0,0,0,18,0,0,11,189,0,0,11,171,NA,0.0989010989010989,0,182
0,80,8,2,2017-03-06,108,0,0,0,7,0,0,91,139,0,0,91,132,NA,0.031390134529148,0,223
20,0,8,2,2017-03-06,109,29,0,-26,0,112,47,0,0,83,73,0,0,0.185897435897436,NA,156,0
20,20,8,2,2017-03-06,110,4,-7,-6,5,73,13,6,82,69,19,13,77,0.0454545454545455,0.0555555555555556,88,90
20,40,8,2,2017-03-06,111,35,-11,-33,8,107,7,45,142,72,40,56,134,0.3125,0.0421052631578947,112,190
20,80,8,2,2017-03-06,112,9,-20,-14,14,46,2,96,225,37,16,116,211,0.169811320754717,0.0428134556574924,53,327
40,0,8,2,2017-03-06,113,28,0,-21,0,123,61,0,0,95,82,0,0,0.15819209039548,NA,177,0
40,20,8,2,2017-03-06,114,42,-1,-16,39,140,13,4,127,98,29,5,88,0.330708661417323,0.419354838709677,127,93
40,40,8,2,2017-03-06,115,39,-6,-38,-115,163,15,9,0,124,53,15,115,0.220338983050847,-0.884615384615385,177,130
40,80,8,2,2017-03-06,116,6,1,-1,26,103,9,71,245,97,10,70,219,0.0560747663551402,0.0899653979238754,107,289
80,0,8,2,2017-03-06,117,27,0,-33,0,171,32,0,0,144,65,0,0,0.129186602870813,NA,209,0
80,20,8,2,2017-03-06,118,16,-10,-13,7,196,74,0,79,180,87,10,72,0.0599250936329588,0.0853658536585366,267,82
80,40,8,2,2017-03-06,119,20,-9,-25,9,184,31,10,175,164,56,19,166,0.0909090909090909,0.0486486486486487,220,185
80,80,8,2,2017-03-06,120,26,-6,-30,9,177,16,53,253,151,46,59,244,0.131979695431472,0.0297029702970297,197,303
0,20,9,2,2017-03-13,121,0,-22,0,16,0,0,0,31,0,0,22,15,NA,0.432432432432432,0,37
0,40,9,2,2017-03-13,122,0,-29,0,26,0,0,0,87,0,0,29,61,NA,0.288888888888889,0,90
0,80,9,2,2017-03-13,123,0,-55,0,36,0,0,0,323,0,0,55,287,NA,0.105263157894737,0,342
20,0,9,2,2017-03-13,124,2,0,-14,0,68,32,0,0,66,46,0,0,0.0178571428571429,NA,112,0
20,20,9,2,2017-03-13,125,7,-22,-17,18,31,8,24,86,24,25,46,68,0.142857142857143,0.157894736842105,49,114
20,40,9,2,2017-03-13,126,25,-40,-6,25,49,8,32,137,24,14,72,112,0.657894736842105,0.135869565217391,38,184
20,80,9,2,2017-03-13,127,7,-49,-7,50,29,0,0,212,22,7,49,162,0.241379310344828,0.23696682464455,29,211
40,0,9,2,2017-03-13,128,37,0,-36,0,107,31,0,0,70,67,0,0,0.27007299270073,NA,137,0
40,20,9,2,2017-03-13,129,-4,-15,6,15,48,40,0,49,52,34,15,34,-0.0465116279069767,0.306122448979592,86,49
40,40,9,2,2017-03-13,130,34,-22,-30,22,103,0,0,60,69,30,22,38,0.343434343434343,0.366666666666667,99,60
40,80,9,2,2017-03-13,131,41,-38,-43,33,113,14,0,119,72,57,38,86,0.317829457364341,0.266129032258065,129,124
80,0,9,2,2017-03-13,132,27,0,-45,0,115,40,0,0,88,85,0,0,0.15606936416185,NA,173,0
80,20,9,2,2017-03-13,133,34,-17,-18,20,146,38,0,84,112,56,17,64,0.202380952380952,0.246913580246914,168,81
80,40,9,2,2017-03-13,134,42,-26,-39,19,141,8,0,126,99,47,26,107,0.287671232876712,0.142857142857143,146,133
80,80,9,2,2017-03-13,135,54,-33,-29,26,153,6,0,172,99,35,33,146,0.402985074626866,0.145251396648045,134,179
0,20,10,2,2017-03-13,136,0,-14,0,5,0,0,0,40,0,0,14,35,NA,0.102040816326531,0,49
0,40,10,2,2017-03-13,137,0,-16,0,17,0,0,0,113,0,0,16,96,NA,0.151785714285714,0,112
0,80,10,2,2017-03-13,138,0,0,0,18,0,0,0,268,0,0,0,250,NA,0.072,0,250
20,0,10,2,2017-03-13,139,22,0,-30,0,77,6,0,0,55,36,0,0,0.241758241758242,NA,91,0
20,20,10,2,2017-03-13,140,36,-15,-37,17,85,10,14,47,49,47,29,30,0.375,0.288135593220339,96,59
20,40,10,2,2017-03-13,141,9,-24,-11,22,41,0,0,119,32,11,24,97,0.209302325581395,0.181818181818182,43,121
20,80,10,2,2017-03-13,142,11,-52,-11,52,56,8,0,174,45,19,52,122,0.171875,0.298850574712644,64,174
40,0,10,2,2017-03-13,143,34,-2,-41,0,93,2,0,0,59,43,2,0,0.333333333333333,0,102,2
40,20,10,2,2017-03-13,144,23,-10,-26,10,124,18,1,60,101,44,11,50,0.158620689655172,0.163934426229508,145,61
40,40,10,2,2017-03-13,145,30,-26,-27,25,105,9,0,116,75,36,26,91,0.27027027027027,0.213675213675214,111,117
40,80,10,2,2017-03-13,146,-12,-43,19,45,88,61,1,158,100,42,44,113,-0.0845070422535211,0.286624203821656,142,157
80,0,10,2,2017-03-13,147,34,0,-26,0,122,59,0,0,88,85,0,0,0.196531791907514,NA,173,0
80,20,10,2,2017-03-13,148,30,-4,-12,4,106,62,16,65,76,74,20,61,0.2,0.0493827160493827,150,81
80,40,10,2,2017-03-13,149,19,-17,-10,19,106,33,25,107,87,43,42,88,0.146153846153846,0.146153846153846,130,130
80,80,10,2,2017-03-13,150,50,-55,-28,63,161,16,0,255,111,44,55,192,0.32258064516129,0.255060728744939,155,247
0,20,1,3,2017-03-20,1,0,96,0,-114,0,0,125,0,0,0,29,114,NA,-0.797202797202797,0,143
0,40,1,3,2017-03-20,2,0,1,0,7,0,0,10,190,0,0,9,183,NA,0.0364583333333333,0,192
0,80,1,3,2017-03-20,3,0,1,0,3,0,0,43,231,0,0,42,228,NA,0.0111111111111111,0,270
20,0,1,3,2017-03-20,4,8,0,-23,0,122,54,0,0,114,77,0,0,0.0418848167539267,NA,191,0
20,20,1,3,2017-03-20,5,-8,-7,17,2,203,141,7,140,211,124,14,138,-0.0238805970149254,0.0131578947368421,335,152
20,40,1,3,2017-03-20,6,12,-2,-20,64,177,70,42,182,165,90,44,118,0.0470588235294118,0.395061728395062,255,162
20,80,1,3,2017-03-20,7,24,-24,-17,-1,159,9,101,250,135,26,125,251,0.149068322981366,-0.00265957446808511,161,376
40,0,1,3,2017-03-20,8,45,0,-27,0,221,170,0,0,176,197,0,0,0.120643431635389,NA,373,0
40,20,1,3,2017-03-20,9,42,-11,-31,21,256,119,0,101,214,150,11,80,0.115384615384615,0.230769230769231,364,91
40,40,1,3,2017-03-20,10,-125,-124,-66,80,44,55,8,285,169,121,132,205,-0.431034482758621,0.237388724035608,290,337
40,80,1,3,2017-03-20,11,29,-14,-10,17,255,74,24,338,226,84,38,321,0.0935483870967742,0.0473537604456825,310,359
80,0,1,3,2017-03-20,12,-7,0,-41,0,228,187,0,0,235,228,0,0,-0.0151187904967603,NA,463,0
80,20,1,3,2017-03-20,13,12,2,-15,0,268,132,11,81,256,147,9,81,0.0297766749379653,0,403,90
80,40,1,3,2017-03-20,14,41,-31,-43,22,285,88,14,157,244,131,45,135,0.109333333333333,0.122222222222222,375,180
80,80,1,3,2017-03-20,15,8,-4,-1,34,114,117,151,139,106,118,155,105,0.0357142857142857,0.130769230769231,224,260
0,20,2,3,2017-03-20,16,0,-6,0,12,0,0,40,117,0,0,46,105,NA,0.0794701986754967,0,151
0,40,2,3,2017-03-20,17,0,-1,0,6,0,0,0,216,0,0,1,210,NA,0.028436018957346,0,211
0,80,2,3,2017-03-20,18,0,-26,0,13,0,0,43,197,0,0,69,184,NA,0.0513833992094862,0,253
20,0,2,3,2017-03-20,19,35,0,-37,0,160,68,0,0,125,105,0,0,0.152173913043478,NA,230,0
20,20,2,3,2017-03-20,20,21,6,24,9,105,31,20,210,84,7,14,201,0.230769230769231,0.0418604651162791,91,215
20,40,2,3,2017-03-20,21,-20,-53,-19,52,43,26,25,205,63,45,78,153,-0.185185185185185,0.225108225108225,108,231
20,80,2,3,2017-03-20,22,20,-59,-30,43,127,25,113,286,107,55,172,243,0.123456790123457,0.103614457831325,162,415
40,0,2,3,2017-03-20,23,49,0,-39,0,235,156,0,0,186,195,0,0,0.128608923884514,NA,381,0
40,20,2,3,2017-03-20,24,64,-55,8,51,225,83,0,267,161,75,55,216,0.271186440677966,0.188191881918819,236,271
40,40,2,3,2017-03-20,25,-73,-20,72,15,135,197,9,152,208,125,29,137,-0.219219219219219,0.0903614457831325,333,166
40,80,2,3,2017-03-20,26,52,-4,-36,1,258,71,0,75,206,107,4,74,0.166134185303514,0.0128205128205128,313,78
80,0,2,3,2017-03-20,27,-20,0,-11,0,231,244,0,0,251,255,0,0,-0.0395256916996047,NA,506,0
80,20,2,3,2017-03-20,28,5,-3,-11,9,252,145,13,191,247,156,16,182,0.0124069478908189,0.0454545454545455,403,198
80,40,2,3,2017-03-20,29,44,-15,-39,14,260,152,1,97,216,191,16,83,0.108108108108108,0.141414141414141,407,99
80,80,2,3,2017-03-20,30,2,2,2,-1,12,73,13,302,10,71,11,303,0.0246913580246914,-0.00318471337579618,81,314
0,20,3,3,2017-03-27,31,0,6,0,6,0,0,160,158,0,0,154,152,NA,0.0196078431372549,0,306
0,40,3,3,2017-03-27,32,0,-1,0,14,0,0,224,264,0,0,225,250,NA,0.0294736842105263,0,475
0,80,3,3,2017-03-27,33,0,-7,0,-1,0,0,109,84,0,0,116,85,NA,-0.00497512437810945,0,201
20,0,3,3,2017-03-27,34,3,0,8,0,161,133,0,0,158,125,0,0,0.0106007067137809,NA,283,0
20,20,3,3,2017-03-27,35,8,-7,13,0,108,61,98,144,100,48,105,144,0.0540540540540541,0,148,249
20,40,3,3,2017-03-27,36,3,175,-3,-10,56,10,277,305,53,13,102,315,0.0454545454545455,-0.0239808153477218,66,417
20,80,3,3,2017-03-27,37,18,7,-2,-19,193,2,54,337,175,4,47,356,0.100558659217877,-0.0471464019851117,179,403
40,0,3,3,2017-03-27,38,-24,0,27,0,193,190,0,0,217,163,0,0,-0.0631578947368421,NA,380,0
40,20,3,3,2017-03-27,39,2,-5,46,3,69,169,151,32,67,123,156,29,0.0105263157894737,0.0162162162162162,190,185
40,40,3,3,2017-03-27,40,-12,-20,12,-136,55,64,62,62,67,52,82,198,-0.100840336134454,-0.485714285714286,119,280
40,80,3,3,2017-03-27,41,4,-5,-34,7,149,29,16,181,145,63,21,174,0.0192307692307692,0.0358974358974359,208,195
80,0,3,3,2017-03-27,42,-56,0,49,0,10,128,0,0,66,79,0,0,-0.386206896551724,NA,145,0
80,20,3,3,2017-03-27,43,0,-33,13,26,132,92,9,94,132,79,42,68,0,0.236363636363636,211,110
80,40,3,3,2017-03-27,44,43,-2,-41,1,175,63,40,52,132,104,42,51,0.182203389830508,0.010752688172043,236,93
80,80,3,3,2017-03-27,45,-36,-12,23,4,2,65,13,212,38,42,25,208,-0.45,0.0171673819742489,80,233
0,20,4,3,2017-03-27,46,0,-11,0,6,0,0,148,246,0,0,159,240,NA,0.0150375939849624,0,399
0,40,4,3,2017-03-27,47,0,-16,0,-2,0,0,97,245,0,0,113,247,NA,-0.00555555555555556,0,360
0,80,4,3,2017-03-27,48,0,6,0,6,0,0,190,351,0,0,184,345,NA,0.0113421550094518,0,529
20,0,4,3,2017-03-27,49,24,0,-23,0,176,152,0,0,152,175,0,0,0.073394495412844,NA,327,0
20,20,4,3,2017-03-27,50,6,-9,-11,10,74,11,29,151,68,22,38,141,0.0666666666666667,0.0558659217877095,90,179
20,40,4,3,2017-03-27,51,-14,-32,18,27,19,52,48,215,33,34,80,188,-0.208955223880597,0.100746268656716,67,268
20,80,4,3,2017-03-27,52,16,2,17,-8,106,94,81,136,90,77,79,144,0.0958083832335329,-0.0358744394618834,167,223
40,0,4,3,2017-03-27,53,-3,0,10,0,110,112,0,0,113,102,0,0,-0.013953488372093,NA,215,0
40,20,4,3,2017-03-27,54,9,-129,-23,113,73,75,8,131,64,98,137,18,0.0555555555555556,0.729032258064516,162,155
40,40,4,3,2017-03-27,55,42,25,-37,-13,126,4,88,124,84,41,63,137,0.336,-0.065,125,200
40,80,4,3,2017-03-27,56,-2,-32,10,20,3,20,46,206,5,10,78,186,-0.133333333333333,0.0757575757575758,15,264
80,0,4,3,2017-03-27,57,-60,0,98,0,4,214,0,0,64,116,0,0,-0.333333333333333,NA,180,0
80,20,4,3,2017-03-27,58,-52,-30,12,22,0,46,0,92,52,34,30,70,-0.604651162790698,0.22,86,100
80,40,4,3,2017-03-27,59,25,-113,-34,111,95,60,41,170,70,94,154,59,0.152439024390244,0.52112676056338,164,213
80,80,4,3,2017-03-27,60,-9,-26,20,43,33,46,33,185,42,26,59,142,-0.132352941176471,0.213930348258706,68,201
0,20,5,3,2017-04-03,61,0,-5,0,12,0,0,24,61,0,0,29,49,NA,0.153846153846154,0,78
0,40,5,3,2017-04-03,62,0,-14,0,24,0,0,172,246,0,0,186,222,NA,0.0588235294117647,0,408
0,80,5,3,2017-04-03,63,0,1,0,5,0,0,127,280,0,0,126,275,NA,0.0124688279301746,0,401
20,0,5,3,2017-04-03,64,23,0,-16,0,147,89,0,0,124,105,0,0,0.100436681222707,NA,229,0
20,20,5,3,2017-04-03,65,2,-3,1,1,135,62,17,182,133,61,20,181,0.0103092783505155,0.00497512437810945,194,201
20,40,5,3,2017-04-03,66,2,3,10,2,89,71,85,217,87,61,82,215,0.0135135135135135,0.00673400673400673,148,297
20,80,5,3,2017-04-03,67,20,-4,3,2,195,52,0,149,175,49,4,147,0.0892857142857143,0.0132450331125828,224,151
40,0,5,3,2017-04-03,68,-5,1,18,0,150,185,1,0,155,167,0,0,-0.015527950310559,NA,322,0
40,20,5,3,2017-04-03,69,3,0,0,1,199,145,10,140,196,145,10,139,0.00879765395894428,0.00671140939597315,341,149
40,40,5,3,2017-04-03,70,32,-2,-26,-13,183,71,12,125,151,97,14,138,0.129032258064516,-0.0855263157894737,248,152
40,80,5,3,2017-04-03,71,105,-162,-79,163,169,70,42,209,64,149,204,46,0.492957746478873,0.652,213,250
80,0,5,3,2017-04-03,72,11,1,-9,1,218,175,1,1,207,184,0,0,0.0281329923273657,Inf,391,0
80,20,5,3,2017-04-03,73,32,0,-35,2,253,63,4,92,221,98,4,90,0.100313479623824,0.0212765957446809,319,94
80,40,5,3,2017-04-03,74,6,-3,-8,22,252,151,4,96,246,159,7,74,0.0148148148148148,0.271604938271605,405,81
80,80,5,3,2017-04-03,75,34,-3,3,2,220,127,25,174,186,124,28,172,0.109677419354839,0.01,310,200
0,20,6,3,2017-04-03,76,0,-43,0,50,0,0,86,67,0,0,129,17,NA,0.342465753424658,0,146
0,40,6,3,2017-04-03,77,0,19,0,-5,0,0,140,76,0,0,121,81,NA,-0.0247524752475248,0,202
0,80,6,3,2017-04-03,78,0,0,0,6,0,0,61,108,0,0,61,102,NA,0.0368098159509202,0,163
20,0,6,3,2017-04-03,79,-60,0,85,0,43,194,0,0,103,109,0,0,-0.283018867924528,NA,212,0
20,20,6,3,2017-04-03,80,2,-3,4,-1,165,143,29,73,163,139,32,74,0.00662251655629139,-0.00943396226415094,302,106
20,40,6,3,2017-04-03,81,16,-1,-15,7,186,56,37,270,170,71,38,263,0.0663900414937759,0.0232558139534884,241,301
20,80,6,3,2017-04-03,82,84,-51,-67,49,160,42,74,119,76,109,125,70,0.454054054054054,0.251282051282051,185,195
40,0,6,3,2017-04-03,83,-19,0,32,0,183,202,0,0,202,170,0,0,-0.0510752688172043,NA,372,0
40,20,6,3,2017-04-03,84,-37,0,35,1,169,187,6,67,206,152,6,66,-0.103351955307263,0.0138888888888889,358,72
40,40,6,3,2017-04-03,85,-12,-7,12,1,81,99,10,142,93,87,17,141,-0.0666666666666667,0.00632911392405063,180,158
40,80,6,3,2017-04-03,86,17,-14,-12,-9,169,53,124,278,152,65,138,287,0.0783410138248848,-0.0211764705882353,217,425
80,0,6,3,2017-04-03,87,-6,0,17,1,190,224,0,1,196,207,0,0,-0.0148883374689826,Inf,403,0
80,20,6,3,2017-04-03,88,-5,0,15,-13,198,185,4,29,203,170,4,42,-0.0134048257372654,-0.282608695652174,373,46
80,40,6,3,2017-04-03,89,-71,-5,4,9,132,136,5,127,203,132,10,118,-0.211940298507463,0.0703125,335,128
80,80,6,3,2017-04-03,90,18,-3,8,13,178,55,72,199,160,47,75,186,0.0869565217391304,0.0498084291187739,207,261
0,20,7,3,2017-04-10,91,0,-5,0,13,0,0,58,193,0,0,63,180,NA,0.0534979423868313,0,243
0,40,7,3,2017-04-10,92,0,-3,0,1,0,0,70,264,0,0,73,263,NA,0.00297619047619048,0,336
0,80,7,3,2017-04-10,93,0,1,0,12,0,0,15,344,0,0,14,332,NA,0.0346820809248555,0,346
20,0,7,3,2017-04-10,94,37,0,-25,0,207,135,0,0,170,160,0,0,0.112121212121212,NA,330,0
20,20,7,3,2017-04-10,95,20,-11,128,-140,166,172,8,8,146,44,19,148,0.105263157894737,-0.838323353293413,190,167
20,40,7,3,2017-04-10,96,2,-2,1,3,138,77,111,228,136,76,113,225,0.00943396226415094,0.00887573964497041,212,338
20,80,7,3,2017-04-10,97,58,7,-25,-3,69,5,111,324,11,30,104,327,1.41463414634146,-0.00696055684454756,41,431
40,0,7,3,2017-04-10,98,23,0,-29,0,188,157,0,0,165,186,0,0,0.0655270655270655,NA,351,0
40,20,7,3,2017-04-10,99,27,-18,-7,18,132,35,2,165,105,42,20,147,0.183673469387755,0.107784431137725,147,167
40,40,7,3,2017-04-10,100,7,6,-10,17,175,29,58,284,168,39,52,267,0.0338164251207729,0.0532915360501567,207,319
40,80,7,3,2017-04-10,101,35,4,-14,-2,160,52,34,120,125,66,30,122,0.183246073298429,-0.0131578947368421,191,152
80,0,7,3,2017-04-10,102,-2,0,-3,0,32,161,0,0,34,164,0,0,-0.0101010101010101,NA,198,0
80,20,7,3,2017-04-10,103,3,-8,29,4,130,137,6,78,127,108,14,74,0.0127659574468085,0.0454545454545455,235,88
80,40,7,3,2017-04-10,104,6,-7,16,23,218,116,0,149,212,100,7,126,0.0192307692307692,0.172932330827068,312,133
80,80,7,3,2017-04-10,105,45,-12,6,57,197,80,26,225,152,74,38,168,0.199115044247788,0.276699029126214,226,206
0,20,8,3,2017-04-10,106,0,53,0,-35,0,0,207,166,0,0,154,201,NA,-0.0985915492957746,0,355
0,40,8,3,2017-04-10,107,0,3,0,-5,0,0,81,210,0,0,78,215,NA,-0.0170648464163823,0,293
0,80,8,3,2017-04-10,108,0,41,0,-5,0,0,336,307,0,0,295,312,NA,-0.00823723228995058,0,607
20,0,8,3,2017-04-10,109,18,0,-28,0,211,210,0,0,193,238,0,0,0.0417633410672854,NA,431,0
20,20,8,3,2017-04-10,110,29,-9,-18,2,189,43,19,214,160,61,28,212,0.131221719457014,0.00833333333333333,221,240
20,40,8,3,2017-04-10,111,-4,-2,-12,-5,133,52,66,273,137,64,68,278,-0.0199004975124378,-0.0144508670520231,201,346
20,80,8,3,2017-04-10,112,-10,-8,-11,-7,62,23,243,318,72,34,251,325,-0.0943396226415094,-0.0121527777777778,106,576
40,0,8,3,2017-04-10,113,2,0,-15,0,203,175,0,0,201,190,0,0,0.0051150895140665,NA,391,0
40,20,8,3,2017-04-10,114,8,-38,2,30,98,75,6,189,90,73,44,159,0.049079754601227,0.147783251231527,163,203
40,40,8,3,2017-04-10,115,16,-4,-13,-1,183,104,21,167,167,117,25,168,0.0563380281690141,-0.00518134715025907,284,193
40,80,8,3,2017-04-10,116,34,5,-28,-6,166,33,100,152,132,61,95,158,0.176165803108808,-0.0237154150197628,193,253
80,0,8,3,2017-04-10,117,38,0,-47,0,250,141,0,0,212,188,0,0,0.095,NA,400,0
80,20,8,3,2017-04-10,118,-38,-6,17,4,223,153,8,87,261,136,14,83,-0.0957178841309824,0.0412371134020619,397,97
80,40,8,3,2017-04-10,119,14,-16,-9,13,211,88,26,253,197,97,42,240,0.0476190476190476,0.0460992907801418,294,282
80,80,8,3,2017-04-10,120,56,-1,-4,3,212,74,71,265,156,78,72,262,0.239316239316239,0.00898203592814371,234,334
0,20,9,3,2017-04-17,121,0,-5,0,9,0,0,69,80,0,0,74,71,NA,0.0620689655172414,0,145
0,40,9,3,2017-04-17,122,0,-9,0,1,0,0,109,217,0,0,118,216,NA,0.0029940119760479,0,334
0,80,9,3,2017-04-17,123,0,4,0,-8,0,0,107,98,0,0,103,106,NA,-0.0382775119617225,0,209
20,0,9,3,2017-04-17,124,26,0,-10,0,184,139,0,0,158,149,0,0,0.0846905537459283,NA,307,0
20,20,9,3,2017-04-17,125,29,3,-19,5,100,54,118,189,71,73,115,184,0.201388888888889,0.0167224080267559,144,299
20,40,9,3,2017-04-17,126,8,-13,-4,-5,105,70,117,246,97,74,130,251,0.0467836257309941,-0.0131233595800525,171,381
20,80,9,3,2017-04-17,127,19,-19,325,-292,110,355,126,48,91,30,145,340,0.15702479338843,-0.602061855670103,121,485
40,0,9,3,2017-04-17,128,-68,0,84,0,39,171,0,0,107,87,0,0,-0.350515463917526,NA,194,0
40,20,9,3,2017-04-17,129,-9,-58,18,61,19,44,25,175,28,26,83,114,-0.166666666666667,0.309644670050761,54,197
40,40,9,3,2017-04-17,130,13,-23,-9,19,194,91,13,147,181,100,36,128,0.0462633451957295,0.115853658536585,281,164
40,80,9,3,2017-04-17,131,-148,126,-20,12,11,83,177,148,159,103,51,136,-0.564885496183206,0.0641711229946524,262,187
80,0,9,3,2017-04-17,132,-8,0,14,0,158,212,0,0,166,198,0,0,-0.021978021978022,NA,364,0
80,20,9,3,2017-04-17,133,-67,-4,61,4,8,154,9,129,75,93,13,125,-0.398809523809524,0.0289855072463768,168,138
80,40,9,3,2017-04-17,134,-40,-21,40,17,30,113,23,177,70,73,44,160,-0.27972027972028,0.0833333333333333,143,204
80,80,9,3,2017-04-17,135,71,10,-64,-14,245,46,35,151,174,110,25,165,0.25,-0.0736842105263158,284,190
0,20,10,3,2017-04-17,136,0,-56,0,67,0,0,39,189,0,0,95,122,NA,0.308755760368664,0,217
0,40,10,3,2017-04-17,137,0,0,0,194,0,0,184,261,0,0,184,67,NA,0.772908366533865,0,251
0,80,10,3,2017-04-17,138,0,-33,0,37,0,0,0,153,0,0,33,116,NA,0.248322147651007,0,149
20,0,10,3,2017-04-17,139,6,0,10,0,157,143,0,0,151,133,0,0,0.0211267605633803,NA,284,0
20,20,10,3,2017-04-17,140,47,1,-47,11,178,89,45,108,131,136,44,97,0.176029962546816,0.0780141843971631,267,141
20,40,10,3,2017-04-17,141,45,4,-35,6,140,15,39,273,95,50,35,267,0.310344827586207,0.0198675496688742,145,302
20,80,10,3,2017-04-17,142,14,139,-8,-153,149,49,256,63,135,57,117,216,0.0729166666666667,-0.459459459459459,192,333
40,0,10,3,2017-04-17,143,-4,0,17,0,140,121,0,0,144,104,0,0,-0.0161290322580645,NA,248,0
40,20,10,3,2017-04-17,144,-6,-14,-81,104,229,75,10,167,235,156,24,63,-0.0153452685421995,1.19540229885057,391,87
40,40,10,3,2017-04-17,145,17,-17,-10,17,189,84,50,179,172,94,67,162,0.0639097744360902,0.074235807860262,266,229
40,80,10,3,2017-04-17,146,4,-20,1,12,195,103,47,169,191,102,67,157,0.0136518771331058,0.0535714285714286,293,224
80,0,10,3,2017-04-17,147,19,0,3,0,208,206,0,0,189,203,0,0,0.048469387755102,NA,392,0
80,20,10,3,2017-04-17,148,36,2,-3,3,177,153,61,72,141,156,59,69,0.121212121212121,0.0234375,297,128
80,40,10,3,2017-04-17,149,6,-13,2,18,174,108,60,193,168,106,73,175,0.0218978102189781,0.0725806451612903,274,248
80,80,10,3,2017-04-17,150,15,1,-25,42,89,0,92,165,74,25,91,123,0.151515151515152,0.196261682242991,99,214
